AA_URL,A_IDX,b_content_type,b_number_of_iframes,b_presence_of_double_body,b_presence_of_double_head,b_presence_of_double_html,c_is_src_different,c_is_src_external,c_is_src_in_whiteList,h_dis_attr,h_height_min,h_hidden_rule1,h_hidden_rule2,h_hidden_rule3,h_is_tag_hidden,h_left_attr,h_pos_attr,h_top_attr,h_vis_attr,h_width_min,l_abs_dis_iframe_body,l_abs_dis_iframe_html,l_abs_iframe,l_abs_minimum_dis,l_iframe_close_to_body_start_or_end,l_iframe_close_to_html_start_end,l_ratio_minimum_dis,l_rela_dis_iframe_body,l_rela_dis_iframe_html,l_rela_iframe,l_total_length_of_website,s2_query_has_id_as_arguments,s2_query_has_security_words,s2_url_has_popular_words,s_category_TLD,s_count_of_digits_sub,s_count_of_digits_webname,s_count_of_letters_sub,s_count_of_letters_webname,s_has_digit_sub,s_has_file_name_extension,s_has_fragment,s_has_src,s_has_subdomain,s_isword_sub,s_num_of_dots,s_path_len,s_pattern_sub,s_query_arg_num,s_src_len,s_src_len_query,s_src_len_sub,t_distance_to_body,t_distance_to_head,t_distance_to_html,t_distance_to_root,t_in_the_body,t_in_the_head,t_in_the_html
/Users/ketian/Desktop/martin/martinIframe/0267c85a6cd2281aeeb79e8ca1ed628fe471dad40571799d3c2fec959a0efa9a,0,,1,False,False,False,1,True,False,,10.0,False,False,True,True,0.0,absolute,0.0,hidden,10.0,,,101,,,,,,,1.0,101,False,False,False,ru,,0,,9,,True,False,True,False,,1,11,,0,29,0,0,,,,3,False,False,False
/Users/ketian/Desktop/martin/martinIframe/092dc6c3fffda31e03cc2b77f53a4700182a3e57c7c93a523ffb7c011867d335,0,,1,False,False,False,1,True,False,none,,False,False,True,True,,,,hidden,,0,5,2,0,start,start,0.0,0.0,0.21739130434782608,0.08695652173913043,23,True,False,False,com,,0,,14,,True,False,True,False,,2,12,,1,78,41,0,,,,1,False,False,False
/Users/ketian/Desktop/martin/martinIframe/0be432a251b7743d2ef0c7c59822cf3f54f08101e78084da56c8800b444786c6,0,,1,False,False,False,1,True,False,,1.0,True,False,True,True,,absolute,,hidden,1.0,2,1,140,1,end,end,0.007042253521126761,0.014084507042253521,0.007042253521126761,0.9859154929577465,142,False,False,False,net,,0,,10,,False,False,True,False,,1,0,,1,32,12,0,1,,2,3,True,False,True
/Users/ketian/Desktop/martin/martinIframe/0d81b19ef6469869ee7764752aa66abd065501da01848dfcf075bbb606e223c0,0,,1,False,False,False,1,True,False,,5.0,False,False,False,False,,,,,5.0,11,11,281,11,end,end,0.03767123287671233,0.03767123287671233,0.03767123287671233,0.9623287671232876,292,False,False,False,com,,0,,15,,True,False,True,False,,1,8,,1,42,9,0,2,,3,4,True,False,True
/Users/ketian/Desktop/martin/martinIframe/0f14a21ac6332d378ed4bef437fd459314075936806bc84cf92b28ab7998032e,0,,1,False,False,False,1,True,False,,5.0,False,False,False,False,,,,,5.0,11,11,281,11,end,end,0.03767123287671233,0.03767123287671233,0.03767123287671233,0.9623287671232876,292,False,False,False,com,,0,,15,,True,False,True,False,,1,8,,1,42,9,0,2,,3,4,True,False,True
/Users/ketian/Desktop/martin/martinIframe/0f4f554bd5f9e3b4827671fcf4df80eb3828c13ffb8389eb7729b8643eba81f0,0,,1,False,False,False,1,True,False,,5.0,False,False,False,False,,,,,5.0,11,11,281,11,end,end,0.03767123287671233,0.03767123287671233,0.03767123287671233,0.9623287671232876,292,False,False,False,com,,0,,15,,True,False,True,False,,1,8,,1,42,9,0,2,,3,4,True,False,True
/Users/ketian/Desktop/martin/martinIframe/10207a9a4fc6068dcdaf711eacc2ac7ef9e17a4ba9240efb89123e993a516a7a,0,,1,False,False,False,1,True,False,,5.0,False,False,False,False,,,,,5.0,11,11,281,11,end,end,0.03767123287671233,0.03767123287671233,0.03767123287671233,0.9623287671232876,292,False,False,False,com,,0,,15,,True,False,True,False,,1,8,,1,42,9,0,2,,3,4,True,False,True
/Users/ketian/Desktop/martin/martinIframe/160003f6d803932abc0fea1b5d74792aa3f7e2061c034177a3663baf9c7a3161,0,,1,False,False,True,1,True,False,,2.0,True,False,False,True,,,,,2.0,0,0,424,0,end,start,0.0,0.0,0.0,0.9929742388758782,427,False,False,False,com,,2,,10,,True,False,True,False,,1,9,,1,40,9,0,,2,1,4,False,True,True
/Users/ketian/Desktop/martin/martinIframe/19eadee65ec65ab6b1f3668bacc3df028daf78788d0941252be76091948a087d,0,Discuz! 7.2,1,False,False,False,1,True,False,,1.0,True,False,False,True,,,,,1.0,2,1,2034,1,end,end,0.0004911591355599214,0.0009823182711198428,0.0004911591355599214,0.9990176817288802,2036,False,False,False,pl,,0,,10,,False,False,True,False,,2,2,,0,23,0,0,,,,1,False,False,False
/Users/ketian/Desktop/martin/martinIframe/1e148ec079e945476df934f700f7da4251328d797b372e00a43f911676cf4cb9,0,,1,False,False,False,1,True,False,,1.0,True,False,False,True,,,,,1.0,2,1,144,1,end,end,0.00684931506849315,0.0136986301369863,0.00684931506849315,0.9863013698630136,146,False,False,False,pl,,0,,10,,False,False,True,False,,2,2,,0,23,0,0,1,,2,3,True,False,True
/Users/ketian/Desktop/martin/martinIframe/2042d8590e2ff44a1aa3b96fb3073d473968834e2c88c104b970d3a1c522c049,0,,1,False,False,False,1,True,False,,10.0,False,False,True,True,0.0,absolute,0.0,hidden,10.0,0,1,11,0,end,end,0.0,0.0,0.09090909090909091,1.0,11,False,False,False,com,0,3,11,16,False,True,False,True,True,False,2,11,3,0,40,0,11,,,,1,False,False,False
/Users/ketian/Desktop/martin/martinIframe/237d3c1b7d91cdf80a5fc51329923aaa777492b9be5d3f985506a56f844db74f,0,,1,False,False,False,1,True,False,,1.0,True,False,False,True,,,,,1.0,2,1,1236,1,end,end,0.0008077544426494346,0.0016155088852988692,0.0008077544426494346,0.9983844911147012,1238,False,False,False,pl,,0,,10,,False,False,True,False,,2,2,,0,23,0,0,1,,2,3,True,False,True
/Users/ketian/Desktop/martin/martinIframe/23c64b40abc13ce4eeeb45e69b8e39e1db6b2119d3a1baf22b194d55c048fb15,0,,1,False,False,False,1,True,False,,5.0,False,False,False,False,,,,,5.0,11,11,281,11,end,end,0.03767123287671233,0.03767123287671233,0.03767123287671233,0.9623287671232876,292,False,False,False,com,,0,,15,,True,False,True,False,,1,8,,1,42,9,0,2,,3,4,True,False,True
/Users/ketian/Desktop/martin/martinIframe/23c7ff0e58f35c7f1dcec34869c0283e08b2455c77372da651040659646a50c4,0,WordPress 3.1.4,1,False,False,False,1,True,False,,1.0,True,False,False,True,,,,,1.0,2,1,371,1,end,end,0.00267379679144385,0.0053475935828877,0.00267379679144385,0.9919786096256684,374,False,False,False,pl,,0,,10,,False,False,True,False,,2,2,,0,23,0,0,1,,2,3,True,False,True
/Users/ketian/Desktop/martin/martinIframe/23ff3d5a82bc39fc0137ca07325ad5da19cafa41740b74b5b66f9892c71e0cf3,0,,1,False,False,False,1,True,False,,1.0,True,False,False,True,,,,,1.0,2,1,144,1,end,end,0.00684931506849315,0.0136986301369863,0.00684931506849315,0.9863013698630136,146,False,False,False,pl,,0,,10,,False,False,True,False,,2,2,,0,23,0,0,1,,2,3,True,False,True
/Users/ketian/Desktop/martin/martinIframe/2895be8ef111da63930cc47aea82f3ee5e4f7213b1623aa5a00912293d32a991,0,,1,False,False,False,1,True,False,,2.0,True,False,False,True,,,,,2.0,1,0,273,0,end,end,0.0,0.0036496350364963502,0.0,0.9963503649635036,274,False,False,False,com,,0,,24,,True,False,True,False,,1,9,,1,52,9,0,1,,2,3,True,False,True
/Users/ketian/Desktop/martin/martinIframe/2b2a3a1193ca49819ead4d7e2168c72b756085e04123e63e9de6fb2a407e0292,0,,1,False,False,False,1,True,False,,5.0,False,False,False,False,,,,,5.0,11,11,281,11,end,end,0.03767123287671233,0.03767123287671233,0.03767123287671233,0.9623287671232876,292,False,False,False,com,,0,,15,,True,False,True,False,,1,8,,1,42,9,0,2,,3,4,True,False,True
/Users/ketian/Desktop/martin/martinIframe/2b316a13099e8a2e2a15835d5de9a6af4024dfc4f2beb894d80447a37f7fa359,0,,1,False,False,False,1,True,False,,1.0,True,False,False,True,,,,,1.0,2,1,144,1,end,end,0.00684931506849315,0.0136986301369863,0.00684931506849315,0.9863013698630136,146,False,False,False,pl,,0,,10,,False,False,True,False,,2,2,,0,23,0,0,1,,2,3,True,False,True
/Users/ketian/Desktop/martin/martinIframe/2c68b3a5d59d91c688f44ff7576715eef5508c8f27ea1063575bed0891614772,0,,1,False,False,False,1,True,False,,1.0,True,False,False,True,,,,,1.0,2,1,144,1,end,end,0.00684931506849315,0.0136986301369863,0.00684931506849315,0.9863013698630136,146,False,False,False,pl,,0,,10,,False,False,True,False,,2,2,,0,23,0,0,1,,2,3,True,False,True
/Users/ketian/Desktop/martin/martinIframe/2c7722ddbb829a292ee3ddb0e9a6ce79e7cb04e5ba64321773ffebe2f6569bd7,0,,1,False,False,False,1,True,False,,1.0,True,False,False,True,,,,,1.0,2,1,144,1,end,end,0.00684931506849315,0.0136986301369863,0.00684931506849315,0.9863013698630136,146,False,False,False,pl,,0,,10,,False,False,True,False,,2,2,,0,23,0,0,1,,2,3,True,False,True
/Users/ketian/Desktop/martin/martinIframe/2d067365e6311ab363ebc072f3e20801854d3990c9bd35d447579cf193fd78fc,0,"CoffeeCup Visual Site Designer, Version 6.0 Build 3 for Windows",1,False,False,False,1,True,False,none,,False,False,True,True,,,,hidden,,1,69,1,1,start,start,0.002150537634408602,0.002150537634408602,0.14838709677419354,0.002150537634408602,465,True,False,False,mu,0,2,5,7,False,True,False,True,True,False,2,11,3,1,72,41,5,,,,1,False,False,False
/Users/ketian/Desktop/martin/martinIframe/3058cb3cfa78d27b1b18ffac590605e56bd7e8638b3fffe59a5f06eb443e361e,0,,1,False,False,False,1,True,False,,2.0,True,False,False,True,,,,,2.0,2,0,516,0,end,end,0.0,0.003861003861003861,0.0,0.9961389961389961,518,False,False,False,com,,0,,19,,True,False,True,False,,1,9,,1,46,8,0,1,,2,3,True,False,True
/Users/ketian/Desktop/martin/martinIframe/3058f615246cbbee08c79d227313497ae0c70798df9267e066dd77855583a44d,0,,1,False,False,False,1,True,False,,10.0,False,False,True,True,0.0,absolute,0.0,hidden,10.0,0,1,15,0,end,end,0.0,0.0,0.06666666666666667,1.0,15,False,False,False,com,,1,,10,,True,False,True,False,,1,11,,0,31,0,0,,,,1,False,False,False
/Users/ketian/Desktop/martin/martinIframe/30ed262923b04a38681226071ca15dea65231a82efe41a7d94ea41e10cee1f62,0,Discuz! X3.2,1,False,False,False,1,True,False,,1.0,True,False,False,True,,,,,1.0,2,1,687,1,end,end,0.001451378809869376,0.002902757619738752,0.001451378809869376,0.9970972423802612,689,False,False,False,pl,,0,,10,,False,False,True,False,,2,2,,0,23,0,0,,,,1,False,False,False
/Users/ketian/Desktop/martin/martinIframe/32b1462fc7f27323a075a21633445bd4b78d72fa1c58a3c031542439f524eb4b,0,,1,False,False,False,1,True,False,,1.0,True,False,False,True,,,,,1.0,2,1,144,1,end,end,0.00684931506849315,0.0136986301369863,0.00684931506849315,0.9863013698630136,146,False,False,False,pl,,0,,10,,False,False,True,False,,2,2,,0,23,0,0,1,,2,3,True,False,True
/Users/ketian/Desktop/martin/martinIframe/36ed44dd26e5fe949a969da64a35ac1d190ecd6e82115b40808c46700cc495e6,0,,1,False,False,False,1,True,False,,1.0,True,False,False,True,,,,,1.0,2,1,144,1,end,end,0.00684931506849315,0.0136986301369863,0.00684931506849315,0.9863013698630136,146,False,False,False,pl,,0,,10,,False,False,True,False,,2,2,,0,23,0,0,1,,2,3,True,False,True
/Users/ketian/Desktop/martin/martinIframe/37b0df67b489f354d47dec72946039d244438c694a0400915dbf57aca3ce1dd7,0,,1,False,False,False,1,True,False,,0.0,True,False,False,True,,,,,0.0,2,3,24,2,end,end,0.08333333333333333,0.08333333333333333,0.125,1.0,24,False,False,False,,,6,,0,,False,False,True,False,,3,5,,0,22,0,0,,,,1,False,False,False
/Users/ketian/Desktop/martin/martinIframe/3a98521ed20242afdba44dcb0c5376c368a6384283e1f17d771e1ff339bca381,0,,1,False,False,False,1,True,False,,2.0,True,False,False,True,,,,,2.0,2,0,254,0,end,end,0.0,0.0078125,0.0,0.9921875,256,True,False,False,com,,0,,15,,True,False,True,False,,1,14,,1,49,10,0,1,,2,3,True,False,True
/Users/ketian/Desktop/martin/martinIframe/3b449ea1903f42e9542f80a1e0ec62cc48322a5a9a3327fea37bfd30d3bfc127,0,,1,False,False,False,1,True,False,,0.0,True,False,False,True,,,,,0.0,1,31,1,1,start,start,0.010869565217391304,0.010869565217391304,0.33695652173913043,0.010869565217391304,92,False,False,False,fr,,0,,8,,True,False,True,False,,1,19,,0,37,0,0,,,,1,False,False,False
/Users/ketian/Desktop/martin/martinIframe/40ce303bbff94380e309a7d73cbd33a3ba16862438ccb07b9296066568e82676,0,,1,False,False,False,1,True,False,,1.0,True,False,False,True,,,,,1.0,2,1,144,1,end,end,0.00684931506849315,0.0136986301369863,0.00684931506849315,0.9863013698630136,146,False,False,False,pl,,0,,10,,False,False,True,False,,2,2,,0,23,0,0,1,,2,3,True,False,True
/Users/ketian/Desktop/martin/martinIframe/415b6bd14d856b58416cda6375923daadb86caec1186cc9152f48ac2a2905bf3,0,,1,False,False,False,1,True,False,,2.0,True,False,False,True,,,,,2.0,1,0,79,0,end,end,0.0,0.0125,0.0,0.9875,80,False,False,False,com,,0,,14,,True,False,True,False,,1,9,,0,32,0,0,1,,2,3,True,False,True
/Users/ketian/Desktop/martin/martinIframe/45148900f8951eccaf7d2ecf03bf0977e1bf415ccecb3a2c6f6bb4b12cadd163,0,,1,False,False,False,1,True,False,,5.0,False,False,False,False,,,,,5.0,11,11,281,11,end,end,0.03767123287671233,0.03767123287671233,0.03767123287671233,0.9623287671232876,292,False,False,False,com,,0,,15,,True,False,True,False,,1,8,,1,42,9,0,2,,3,4,True,False,True
/Users/ketian/Desktop/martin/martinIframe/4587ef39187be869581fbe0d50fcce0d9fa98d6292f3c0f8d3d3515ca8e70c63,0,,1,False,False,False,1,True,False,,1.0,True,False,False,True,,,,,1.0,2,1,105,1,end,end,0.009345794392523364,0.018691588785046728,0.009345794392523364,0.9813084112149533,107,False,False,False,pl,,0,,10,,False,False,True,False,,2,2,,0,23,0,0,1,,2,3,True,False,True
/Users/ketian/Desktop/martin/martinIframe/46c4900bc98825f205f2a052287f8688b3b76827731d37805dc27911a5bfb31d,0,,1,False,False,False,1,True,False,,1.0,True,False,False,True,,,,,1.0,215,66,217,66,start,start,0.1476510067114094,0.4809843400447427,0.1476510067114094,0.4854586129753915,447,False,False,False,,,4,,0,,False,False,True,False,,3,9,,0,26,0,0,1,,2,3,True,False,True
/Users/ketian/Desktop/martin/martinIframe/47bc0e2a87d10e239b15b89be907e432e7ea10d633577867ba7d48215717549c,0,,1,False,False,False,1,True,False,,5.0,False,False,False,False,,,,,5.0,11,11,182,11,end,end,0.05699481865284974,0.05699481865284974,0.05699481865284974,0.9430051813471503,193,False,False,False,com,,0,,15,,True,False,True,False,,1,8,,1,42,9,0,2,,3,4,True,False,True
/Users/ketian/Desktop/martin/martinIframe/4eb17b652a68410f1d37b71fb59ef3c5086ae9048cfcfefdc7b9831f9726528b,0,,1,False,False,False,1,True,False,,1.0,True,False,False,True,,,,,1.0,2,1,144,1,end,end,0.00684931506849315,0.0136986301369863,0.00684931506849315,0.9863013698630136,146,False,False,False,pl,,0,,10,,False,False,True,False,,2,2,,0,23,0,0,1,,2,3,True,False,True
/Users/ketian/Desktop/martin/martinIframe/4f1ab30654424cf126c35d3ae4d758198d037e38b8a64a1ae74bc40e81ba8a18,0,,1,False,False,False,1,True,False,,2.0,True,False,False,True,,,,,2.0,1,0,1059,0,end,end,0.0,0.0009433962264150943,0.0,0.9990566037735849,1060,False,False,False,org,,0,,20,,True,False,True,False,,1,9,,1,47,8,0,,,,1,False,False,False
/Users/ketian/Desktop/martin/martinIframe/50dbb366ad52043436b70549bd356398a0220d9ef57cdc8665dc18358a813c75,0,,1,False,False,False,1,True,False,,1.0,True,False,False,True,,,,,1.0,2,1,362,1,end,end,0.0027472527472527475,0.005494505494505495,0.0027472527472527475,0.9945054945054945,364,False,False,False,pl,,0,,10,,False,False,True,False,,2,2,,0,23,0,0,1,,2,3,True,False,True
/Users/ketian/Desktop/martin/martinIframe/527dc492abf8c48c2a4ad32ee74a8cf2fa77187f40bd865992b2c0c6c48b614d,0,,1,False,False,False,1,True,False,,10.0,False,False,True,True,0.0,absolute,0.0,hidden,10.0,32,0,54,0,end,start,0.0,0.37209302325581395,0.0,0.627906976744186,86,False,False,False,org,,4,,21,,True,False,True,False,,1,9,,0,44,0,0,1,,2,3,True,False,True
/Users/ketian/Desktop/martin/martinIframe/551bb7d165005aa368f596cbbff722b300356d8219ffe649127fed3b5c320095,0,,1,False,False,False,1,True,False,,10.0,False,False,True,True,0.0,absolute,0.0,hidden,10.0,0,1,132,0,end,end,0.0,0.0,0.007575757575757576,1.0,132,False,False,False,com,,0,,14,,True,False,True,False,,1,11,,0,34,0,0,,,,1,False,False,False
/Users/ketian/Desktop/martin/martinIframe/555e71d4de9c50e6cfcafcbc95778a2615e223a601f6564fd4a6546219297c35,0,,1,False,False,False,1,True,False,,1.0,True,False,False,True,,,,,1.0,2,1,400,1,end,end,0.0024875621890547263,0.004975124378109453,0.0024875621890547263,0.9950248756218906,402,False,False,False,pl,,0,,10,,False,False,True,False,,2,2,,0,23,0,0,2,,3,4,True,False,True
/Users/ketian/Desktop/martin/martinIframe/558e9db8c7afc64042dd9ba3e7afa698e482229d576e5173bd02160bf5db71dc,0,,1,False,False,False,1,True,False,,2.0,True,False,False,True,,,,,2.0,2,0,254,0,end,end,0.0,0.0078125,0.0,0.9921875,256,True,False,False,com,,0,,15,,True,False,True,False,,1,14,,1,49,10,0,1,,2,3,True,False,True
/Users/ketian/Desktop/martin/martinIframe/58bfdef2a6e70b47fc7852ae1bc3fdfdac9f262bdc81ebab0f82713979b5e6e9,0,,1,False,False,False,1,True,False,,1.0,True,False,False,True,,,,,1.0,2,1,139,1,end,end,0.0070921985815602835,0.014184397163120567,0.0070921985815602835,0.9858156028368794,141,False,False,False,pl,,0,,10,,False,False,True,False,,2,2,,0,23,0,0,1,,2,3,True,False,True
/Users/ketian/Desktop/martin/martinIframe/59010213379fba9c01b56c006d588069b6b56bc766f5031838cf22377a96eb37,0,,1,False,False,False,1,True,False,,1.0,True,False,False,True,,,,,1.0,2,1,309,1,end,end,0.003215434083601286,0.006430868167202572,0.003215434083601286,0.9935691318327974,311,False,False,False,pl,,0,,10,,False,False,True,False,,2,2,,0,23,0,0,1,,2,3,True,False,True
/Users/ketian/Desktop/martin/martinIframe/5dc7311f9bb9f460341ed0e210b8898232fccf236babb66898ca3157cc161977,0,,1,False,False,False,1,True,False,,1.0,True,False,False,True,,,,,1.0,2,1,105,1,end,end,0.009345794392523364,0.018691588785046728,0.009345794392523364,0.9813084112149533,107,False,False,False,pl,,0,,10,,False,False,True,False,,2,2,,0,23,0,0,1,,2,3,True,False,True
/Users/ketian/Desktop/martin/martinIframe/6120f7b9dde982c73a4b751d0a82c22816fbcd7127101085923a1109e6bf1272,0,,1,False,False,False,1,True,False,,5.0,False,False,False,False,,,,,5.0,11,11,281,11,end,end,0.03767123287671233,0.03767123287671233,0.03767123287671233,0.9623287671232876,292,False,False,False,com,,0,,15,,True,False,True,False,,1,8,,1,42,9,0,2,,3,4,True,False,True
/Users/ketian/Desktop/martin/martinIframe/632f023740bdc08eec5d7c818e44500cbbd0c3012c3066b1e11bfc58a5af617d,0,,1,False,False,False,1,True,False,,2.0,True,False,False,True,,,,,2.0,1,0,280,0,end,end,0.0,0.0035587188612099642,0.0,0.99644128113879,281,False,False,False,com,,0,,12,,True,False,True,False,,1,9,,1,40,9,0,1,,2,3,True,False,True
/Users/ketian/Desktop/martin/martinIframe/67bed92330433798154b110cf169dcb761b2a75961bcdc322edd19139a49c9d2,0,,1,False,False,False,1,True,False,,5.0,False,False,False,False,,,,,5.0,11,11,281,11,end,end,0.03767123287671233,0.03767123287671233,0.03767123287671233,0.9623287671232876,292,False,False,False,com,,0,,15,,True,False,True,False,,1,8,,1,42,9,0,2,,3,4,True,False,True
/Users/ketian/Desktop/martin/martinIframe/68f4ba3555f5bbd4aa0ef38bd2d0ac75a2b68eae0dffcb6c8d9d37c7462a2591,0,,1,False,False,False,1,True,False,,1.0,True,False,False,True,,,,,1.0,2,1,143,1,end,end,0.006896551724137931,0.013793103448275862,0.006896551724137931,0.9862068965517241,145,False,False,False,pl,,0,,10,,False,False,True,False,,2,2,,0,23,0,0,,,,1,False,False,False
/Users/ketian/Desktop/martin/martinIframe/6a3d1d57ac2e4748a0c7b1b2ef706843c05091c104ebb005ba5fe0a310bfb01d,0,Joomla! 1.7 - Open Source Content Management,1,False,False,False,1,True,False,,5.0,False,False,False,False,,,,,5.0,2,1,83,1,end,end,0.011764705882352941,0.023529411764705882,0.011764705882352941,0.9764705882352941,85,False,False,False,ru,,0,,9,,True,False,True,False,,1,8,,1,35,8,0,2,,3,4,True,False,True
/Users/ketian/Desktop/martin/martinIframe/6ddbf913853602b6c29daab6e63d000fc0dab351ba6260324523ff7d7683360d,0,,1,False,False,False,1,True,False,,2.0,True,False,False,True,,,,,2.0,3,1,188,1,end,end,0.005235602094240838,0.015706806282722512,0.005235602094240838,0.9842931937172775,191,False,False,False,com,,0,,16,,True,False,True,False,,1,9,,1,43,8,0,1,,2,3,True,False,True
/Users/ketian/Desktop/martin/martinIframe/70a9c2a72d506db7ae02830e4158bfee5be8e1c4d1f4e74211e997dba0cd4839,0,,1,False,False,False,1,True,False,none,,False,False,True,True,,,,hidden,,0,6,2,0,start,start,0.0,0.0,0.0759493670886076,0.02531645569620253,79,True,False,False,org,,0,,21,,True,False,True,False,,1,11,,1,83,41,0,,,,1,False,False,False
/Users/ketian/Desktop/martin/martinIframe/70f5370f93c2e293ab1587d6ba5a0d375f2e3744a0f3f8993e83affe8f8b1362,0,,1,False,False,False,1,True,False,,1.0,True,False,False,True,,,,,1.0,2,1,144,1,end,end,0.00684931506849315,0.0136986301369863,0.00684931506849315,0.9863013698630136,146,False,False,False,pl,,0,,10,,False,False,True,False,,2,2,,0,23,0,0,1,,2,3,True,False,True
/Users/ketian/Desktop/martin/martinIframe/7159271167f896aba9581014d61a70d6e3b32f1c5bca328cc6cd268456cd916a,0,,1,False,False,False,1,True,False,,5.0,False,False,False,False,,,,,5.0,2,1,167,1,end,end,0.005917159763313609,0.011834319526627219,0.005917159763313609,0.9881656804733728,169,False,False,False,ru,,0,,9,,True,False,True,False,,1,8,,1,36,9,0,,,,2,False,False,False
/Users/ketian/Desktop/martin/martinIframe/71e3d029554334d7ce064046f69d27e3155883f220457d24461016ae5930d22c,0,,1,False,False,False,1,True,False,,0.0,True,False,False,True,,,,,0.0,0,1,168,0,end,end,0.0,0.0,0.005952380952380952,1.0,168,False,False,False,ru,,0,,22,,False,False,True,False,,1,0,,0,31,0,0,,,,1,False,False,False
/Users/ketian/Desktop/martin/martinIframe/7270ccd4a5fb81a32c457d662a27d9ca87d9f34d819b1eb22fad9462586aac51,0,,1,False,False,False,1,True,False,,2.0,True,False,False,True,,,,,2.0,2,0,445,0,end,end,0.0,0.0044742729306487695,0.0,0.9955257270693513,447,True,False,False,com,,0,,15,,True,False,True,False,,1,14,,1,49,10,0,1,,2,3,True,False,True
/Users/ketian/Desktop/martin/martinIframe/77ec07ce9dc49623ebf75c9f62b5c0f2d6edec1e9511dab9ee8e6f01e2b466a2,0,Discuz! 7.2,1,False,False,False,1,True,False,,1.0,True,False,False,True,,,,,1.0,2,1,2034,1,end,end,0.0004911591355599214,0.0009823182711198428,0.0004911591355599214,0.9990176817288802,2036,False,False,False,pl,,0,,10,,False,False,True,False,,2,2,,0,23,0,0,,,,1,False,False,False
/Users/ketian/Desktop/martin/martinIframe/78d1e47560ee52912b4e233fcff4c3ef500a9679d687203e6fac7739304df202,0,,1,False,False,False,1,True,False,,91.0,True,False,False,True,,,,,3.0,1,0,30,0,end,end,0.0,0.03225806451612903,0.0,0.967741935483871,31,True,False,False,com,,0,,14,,True,False,True,False,,1,8,,1,41,9,0,,,,1,False,False,False
/Users/ketian/Desktop/martin/martinIframe/7b7cee98a466e93a30febd71e2c88519463007e5ca76210c6186502bf97d2e35,0,Discuz! 7.2,1,False,False,False,1,True,False,,1.0,True,False,False,True,,,,,1.0,2,1,2034,1,end,end,0.0004911591355599214,0.0009823182711198428,0.0004911591355599214,0.9990176817288802,2036,False,False,False,pl,,0,,10,,False,False,True,False,,2,2,,0,23,0,0,,,,1,False,False,False
/Users/ketian/Desktop/martin/martinIframe/7d29de7c9c444e9cda194618319fbd8e2b4fab3d4db2530ca1288d945a0f49c6,0,,1,False,False,False,1,True,False,,5.0,False,False,False,False,,,,,5.0,11,11,281,11,end,end,0.03767123287671233,0.03767123287671233,0.03767123287671233,0.9623287671232876,292,False,False,False,com,,0,,15,,True,False,True,False,,1,8,,1,42,9,0,2,,3,4,True,False,True
/Users/ketian/Desktop/martin/martinIframe/7e55e5939e9a193b9130b5cc543ad3407461c47f4f3285483ad77f42a706b0f2,0,,1,False,False,False,1,True,False,,5.0,False,False,False,False,,,,,5.0,11,11,38,11,end,end,0.22448979591836735,0.22448979591836735,0.22448979591836735,0.7755102040816326,49,False,False,False,com,,0,,15,,True,False,True,False,,1,8,,1,42,9,0,2,,3,4,True,False,True
/Users/ketian/Desktop/martin/martinIframe/7f173fcc8f8e741e2b1ad00a5f116f0186718be7b556d3bdced9fe68c547a53f,0,,1,False,False,False,1,True,False,,1.0,True,False,False,True,,,,,1.0,2,1,144,1,end,end,0.00684931506849315,0.0136986301369863,0.00684931506849315,0.9863013698630136,146,False,False,False,pl,,0,,10,,False,False,True,False,,2,2,,0,23,0,0,1,,2,3,True,False,True
/Users/ketian/Desktop/martin/martinIframe/8c7a705f154aca240dac1fd47375f13de0fc07b18682587f2a6dda33856d2f3c,0,,1,False,False,False,1,True,False,,2.0,True,False,False,True,,,,,2.0,1,0,1414,0,end,end,0.0,0.0006798096532970768,0.0,0.9612508497620667,1471,False,False,False,org,,0,,13,,True,False,True,False,,1,9,,1,42,9,0,,,,1,False,False,False
/Users/ketian/Desktop/martin/martinIframe/90a9661635443add72829f444b34300bb122d2dc88bb3716dab8bc65368301d3,0,,1,False,False,False,1,True,False,,1.0,True,False,False,True,,,,,1.0,2,1,221,1,end,end,0.004484304932735426,0.008968609865470852,0.004484304932735426,0.9910313901345291,223,False,False,False,pl,,0,,10,,False,False,True,False,,2,2,,0,23,0,0,1,,2,3,True,False,True
/Users/ketian/Desktop/martin/martinIframe/90ca33cb7e7d0c97286b6b7ce2e4bf928112bf5ae81c04896b9f37d42ff6e724,0,,1,False,False,False,1,True,False,,1.0,True,False,False,True,,,,,1.0,2,1,543,1,end,end,0.001834862385321101,0.003669724770642202,0.001834862385321101,0.9963302752293578,545,False,False,False,pl,,0,,10,,False,False,True,False,,2,2,,0,23,0,0,1,,2,3,True,False,True
/Users/ketian/Desktop/martin/martinIframe/93f1eab828c4378bd411a8945c53255bbfc5b6d7dca56c824267e4c32d5a6bb3,0,,1,False,False,False,1,True,False,,1.0,True,False,False,True,,,,,1.0,2,1,139,1,end,end,0.0070921985815602835,0.014184397163120567,0.0070921985815602835,0.9858156028368794,141,False,False,False,pl,,0,,10,,False,False,True,False,,2,2,,0,23,0,0,1,,2,3,True,False,True
/Users/ketian/Desktop/martin/martinIframe/986e991eaa7ceba5a09fd7b065cd805e26ec015520d462cc5e8c484a43e29112,0,,1,False,False,False,1,True,False,,1.0,True,False,False,True,,,,,1.0,2,1,145,1,end,end,0.006802721088435374,0.013605442176870748,0.006802721088435374,0.9863945578231292,147,False,False,False,pl,,0,,10,,False,False,True,False,,2,2,,0,23,0,0,1,,2,3,True,False,True
/Users/ketian/Desktop/martin/martinIframe/99c84069fdb8bbca548e6030584af8e15b07f708ac0f9846d0b48e71d90e57ae,0,,1,False,False,False,1,True,False,,70.0,False,False,False,False,,,,,25.0,1,0,74,0,end,end,0.0,0.013333333333333334,0.0,0.9866666666666667,75,True,False,False,com,,0,,14,,True,False,True,False,,1,8,,1,41,9,0,1,,2,3,True,False,True
/Users/ketian/Desktop/martin/martinIframe/a139f7918ad4fc9e1ac9dfd377b2e1690d622b2e2a5382aea71b01ca4f9c5a15,0,,1,False,False,False,1,True,False,,2.0,True,False,False,True,,,,,2.0,2,0,352,0,end,end,0.0,0.005649717514124294,0.0,0.9943502824858758,354,False,False,False,com,,0,,21,,True,False,True,False,,1,9,,1,48,8,0,1,,2,3,True,False,True
/Users/ketian/Desktop/martin/martinIframe/a144d1fc5e77ccc465496ee9b27bec4d2fd1ca42da925babfdf438ee6a220abe,0,Sandvox 2.6.1,1,False,False,False,1,True,False,,10.0,False,False,True,True,0.0,absolute,0.0,hidden,10.0,0,1,130,0,end,end,0.0,0.0,0.007692307692307693,1.0,130,False,False,False,com.ar,,0,,16,,True,False,True,False,,2,11,,0,37,0,0,,,,1,False,False,False
/Users/ketian/Desktop/martin/martinIframe/a1d2fa3600c933738736dcf916258267a7767d448c5d2346dd674f8f94ba4d96,0,,1,False,False,False,1,True,False,,10.0,False,False,True,True,0.0,absolute,0.0,hidden,10.0,0,1,93,0,end,end,0.0,0.0,0.010752688172043012,1.0,93,False,False,False,com,0,3,11,16,False,True,False,True,True,False,2,11,3,0,40,0,11,,,,1,False,False,False
/Users/ketian/Desktop/martin/martinIframe/aad5053fba9dc02e2dafb8017d08d3b22124fe0e36f6124bef9cf4834940eccd,0,,1,False,False,False,1,True,False,,0.0,True,False,False,True,,,,,0.0,1,0,283,0,end,end,0.0,0.0035211267605633804,0.0,0.9964788732394366,284,False,False,False,com,0,0,5,18,False,False,False,True,True,True,2,6,1,0,35,0,5,,,,1,False,False,False
/Users/ketian/Desktop/martin/martinIframe/ad1d09df800883f39a3b38965c6708385b704b173b96ee1629b086e7fa1ca746,0,,1,False,False,False,1,True,False,,1.0,True,False,False,True,,,,,1.0,2,1,149,1,end,end,0.006622516556291391,0.013245033112582781,0.006622516556291391,0.9867549668874173,151,False,False,False,pl,,0,,10,,False,False,True,False,,2,2,,0,23,0,0,,,,1,False,False,False
/Users/ketian/Desktop/martin/martinIframe/af736b3020ae5893ff55b0c3ba50749df48614f49efd7ce1b9a2458588915a49,0,,1,False,False,False,1,True,False,,2.0,True,False,False,True,,,,,2.0,1,0,382,0,end,end,0.0,0.0026109660574412533,0.0,0.9973890339425587,383,False,False,False,com,,0,,12,,True,False,True,False,,1,9,,1,40,9,0,1,,2,3,True,False,True
/Users/ketian/Desktop/martin/martinIframe/bc831df00265277586b82935be7d46eae41ef856c45d14cfaee5e7ac95f9f1b1,0,,1,False,False,False,,False,False,,1.0,True,False,False,True,,,,,1.0,215,66,217,66,start,start,0.11055276381909548,0.3601340033500838,0.11055276381909548,0.36348408710217756,597,False,False,False,,,0,,0,,False,False,True,False,,0,9,,0,19,0,0,1,,2,3,True,False,True
/Users/ketian/Desktop/martin/martinIframe/c0b94ef1f289b14e80494d87444167db53230ef8e01593958c824756049e252e,0,,1,False,False,False,1,True,False,,2.0,True,False,False,True,,,,,2.0,1,0,361,0,end,end,0.0,0.0027624309392265192,0.0,0.9972375690607734,362,False,False,False,com,,0,,12,,True,False,True,False,,1,9,,1,40,9,0,1,,2,3,True,False,True
/Users/ketian/Desktop/martin/martinIframe/c3dc59bc9e42c8822827245c0350170742614ed3fb5afede1ef260fe6f8b95e2,0,,1,False,False,False,1,True,False,,2.0,True,False,False,True,,,,,2.0,1,0,262,0,end,end,0.0,0.0038022813688212928,0.0,0.9961977186311787,263,False,False,False,net,,0,,16,,True,False,True,False,,1,9,,1,44,9,0,,,,1,False,False,False
/Users/ketian/Desktop/martin/martinIframe/ca96951171e8ac0373fa0d36a4c43604c4c9153e16268391eb189560027abc86,0,,1,False,False,False,1,True,False,,2.0,True,False,False,True,,,,,2.0,2,0,153,0,end,end,0.0,0.012903225806451613,0.0,0.9870967741935484,155,True,False,False,com,,0,,15,,True,False,True,False,,1,14,,1,49,10,0,1,,2,3,True,False,True
/Users/ketian/Desktop/martin/martinIframe/cfa9394b6403bced245cee0eeb8687d8cf0145c39169cd3b87e40f6ecdf89183,0,,1,False,False,False,1,True,False,,2.0,True,False,False,True,,,,,2.0,1,0,388,0,end,end,0.0,0.002570694087403599,0.0,0.9974293059125964,389,False,False,False,com,,0,,12,,True,False,True,False,,1,9,,1,40,9,0,1,,2,3,True,False,True
/Users/ketian/Desktop/martin/martinIframe/d02ebeef4efc229284dc6b75b75d0f1267786de87f67d1d2bcac885a980ea866,0,,1,False,False,False,1,True,False,,2.0,True,False,False,True,,,,,2.0,2,0,189,0,end,end,0.0,0.010471204188481676,0.0,0.9895287958115183,191,False,False,False,com,,0,,21,,True,False,True,False,,1,9,,1,48,8,0,1,,2,3,True,False,True
/Users/ketian/Desktop/martin/martinIframe/e2c6c58dab3931a295a28e5c2cec4a1ff0ba5a3415dfa2a42e73c8a2f3933124,0,,1,False,False,False,1,True,False,,0.0,True,False,False,True,,,,,100.0,1,1,194,1,end,end,0.005154639175257732,0.005154639175257732,0.005154639175257732,1.0,194,False,False,False,org,0,4,2,5,False,False,False,True,True,True,2,7,1,0,27,0,2,,,,1,False,False,False
/Users/ketian/Desktop/martin/martinIframe/ef915d2a96d7cc1457732d4854a2ff8e84013e8b701dcaa71c8ee5268a917a77,0,WordPress 3.1.4,1,False,False,False,1,True,False,,1.0,True,False,False,True,,,,,1.0,2,1,369,1,end,end,0.002688172043010753,0.005376344086021506,0.002688172043010753,0.9919354838709677,372,False,False,False,pl,,0,,10,,False,False,True,False,,2,2,,0,23,0,0,1,,2,3,True,False,True
/Users/ketian/Desktop/martin/martinIframe/fa5051a1dd427cb66e8ca5c5c926ea58fd567e06857ff1c586333bfdd6d07e99,0,,1,False,False,False,1,True,False,,2.0,True,False,False,True,,,,,2.0,1,0,1059,0,end,end,0.0,0.0009433962264150943,0.0,0.9990566037735849,1060,False,False,False,org,,0,,20,,True,False,True,False,,1,9,,1,47,8,0,,,,1,False,False,False
